Segment	Phoneme	Phoneme2	Notes	in.phoible
(ã)	(ã)	(ã)	NA	FALSE
(bʲ)	(bʲ)	(bʲ)	NA	FALSE
(ɕ)	(ɕ)	(ɕ)	NA	FALSE
(dʲ)	(dʲ)	(dʲ)	NA	FALSE
(dz̪)	(dz̪)	(dz̪)	NA	FALSE
(e̞ː)	(e̞ː)	(e̞ː)	NA	FALSE
(ə)	(ə)	(ə)	NA	FALSE
(ɛ̃)	(ɛ̃)	(ɛ̃)	NA	FALSE
(ɛː)	(ɛː)	(ɛː)	NA	FALSE
(gʲ)	(gʲ)	(gʲ)	NA	FALSE
(iː)	(iː)	(iː)	NA	FALSE
(i̯e̞)	(i̯e̞)	(i̯e̞)	NA	FALSE
(lʲ)	(lʲ)	(lʲ)	NA	FALSE
(nʲ)	(nʲ)	(nʲ)	NA	FALSE
(œ)	(œ)	(œ)	NA	FALSE
(œː)	(œː)	(œː)	NA	FALSE
(ɔ̃)	(ɔ̃)	(ɔ̃)	NA	FALSE
(ɔː)	(ɔː)	(ɔː)	NA	FALSE
(sʲ)	(sʲ)	(sʲ)	NA	FALSE
(ʃ)	(ʃ)	(ʃ)	NA	FALSE
(uː)	(uː)	(uː)	NA	FALSE
(ɯ̯ɤ̞)	(ɯ̯ɤ̞)	(ɯ̯ɤ̞)	NA	FALSE
(ɯi̯)	(ɯi̯)	(ɯi̯)	NA	FALSE
(yː)	(yː)	(yː)	NA	FALSE
(z)	(z)	(z)	NA	FALSE
(ʑ)	(ʑ)	(ʑ)	NA	FALSE
(ʒ)	(ʒ)	(ʒ)	NA	FALSE
a	a	a	NA	TRUE
ä	ä	ä	conventionalized	TRUE
ä	ä	ä	NA	TRUE
ä̃	ã̈	ä̃	NA	FALSE
ä̠	ä̠	ä̠	NA	FALSE
ä̤	ä̤	ä̤	NA	FALSE
ã	ã	ã	NA	TRUE
ã̤	ã̤	ã̤	NA	FALSE
a̟	a̟	a̟	NA	TRUE
a̤	a̤	a̤	NA	TRUE
a̰	a̰	a̰	NA	TRUE
a˞	a˞	a˞	NA	TRUE
a˞ː	a˞ː	a˞ː	new segment type added	FALSE
a˞ˤ	a˞ˤ	a˞ˤ	new segment type added	FALSE
aː	aː	aː	NA	TRUE
äː	äː	äː	new segment type added	FALSE
äː	äː	äː	new segment type added	FALSE
äː̃	ã̈ː	äː̃	NA	FALSE
ä̃ː	ã̈ː	ä̃ː	NA	FALSE
ä̤̃ː	ã̤̈ː	ä̤̃ː	NA	FALSE
ä̠ː	ä̠ː	ä̠ː	NA	FALSE
ãː	ãː	ãː	NA	TRUE
a̤ː	a̤ː	a̤ː	NA	TRUE
aːi	aːi	aːi	NA	FALSE
aːi̯	aːi̯	aːi̯	NA	FALSE
aːɪ	aːɪ	aːɪ	NA	FALSE
aːu	aːu	aːu	NA	FALSE
aːu̯	aːu̯	aːu̯	NA	FALSE
ae	ae	ae	NA	TRUE
ae̯	ae̯	ae̯	NA	FALSE
æ	æ	æ	NA	TRUE
æ̃	æ̃	æ̃	NA	TRUE
æ̰	æ̰	æ̰	NA	FALSE
æː	æː	æː	NA	TRUE
æːi	æːi	æːi	NA	FALSE
æːʊ	æːʊ	æːʊ	NA	FALSE
æˑ	æˑ	æˑ	NA	FALSE
æɛ	æɛ	æɛ	NA	FALSE
æi	æi	æi	NA	TRUE
æi̯	æi̯	æi̯	NA	FALSE
æɪ̯	æɪ̯	æɪ̯	NA	FALSE
æ̃ɪ̯̃	æ̃ɪ̯̃	æ̃ɪ̯̃	NA	FALSE
æu̯	æu̯	æu̯	NA	FALSE
aə	aə	aə	NA	FALSE
aɛ	aɛ	aɛ	NA	TRUE
ãɛ̃	ãɛ̃	ãɛ̃	NA	FALSE
ai	ai	ai	NA	TRUE
ai̯	ai̯	ai̯	NA	TRUE
äi̯	äi̯	äi̯	NA	FALSE
ãĩ	ãĩ	ãĩ	NA	TRUE
ai̯ː	ai̯ː	ai̯ː	NA	FALSE
aɪ	aɪ	aɪ	NA	TRUE
aɪ̃	aɪ̃	aɪ̃	NA	FALSE
a̰ɪ̰	a̰ɪ̰	a̰ɪ̰	NA	FALSE
ãɪ̯ː	ãɪ̯ː	ãɪ̯ː	NA	FALSE
aj	aj	aj	NA	TRUE
ãj	ãj	ãj	NA	FALSE
ao	ao	ao	NA	TRUE
ãõ	ãõ	ãõ	NA	FALSE
aɵ̯	aɵ̯	aɵ̯	NA	FALSE
au	au	au	NA	TRUE
au̯	au̯	au̯	NA	TRUE
äu̯	äu̯	äu̯	NA	FALSE
ãũ	ãũ	ãũ	NA	FALSE
auː	auː	auː	NA	FALSE
aɯ̃	aɯ̃	aɯ̃	NA	FALSE
a̰ɯ̰	a̰ɯ̰	a̰ɯ̰	NA	FALSE
aɰ	aɯ	aɰ	guess	TRUE
aʊ	aʊ	aʊ	NA	TRUE
aʊ̃	aʊ̃	aʊ̃	NA	FALSE
aw	aw	aw	NA	TRUE
ãw	ãw	ãw	NA	FALSE
ãw̃	ãw̃	ãw̃	NA	FALSE
aˤ	aˤ	aˤ	NA	TRUE
aˤː	aːˤ	aˤː	NA	TRUE
ɐ	ɐ	ɐ	NA	TRUE
ɐ̆	ɐ̆	ɐ̆	NA	TRUE
ɐ̃	ɐ̃	ɐ̃	NA	TRUE
ɐ̹̆	ɐ̹̆	ɐ̹̆	NA	TRUE
ɐː	ɐː	ɐː	NA	TRUE
ɐi	ɐi	ɐi	NA	TRUE
ɐi̯	ɐi̯	ɐi̯	NA	FALSE
ɐɪ	ɐɪ	ɐɪ	NA	FALSE
ɐu	ɐu	ɐu	NA	TRUE
ɑ	ɑ	ɑ	NA	TRUE
ɑ̆	ɑ̆	ɑ̆	NA	FALSE
ɑ̃	ɑ̃	ɑ̃	NA	TRUE
ɑ̝	ɑ̝	ɑ̝	NA	TRUE
ɑ̙	ɑ̙	ɑ̙	NA	FALSE
ɑ̝̟	ɑ̝̟	ɑ̝̟	NA	FALSE
ɑ̝̹	ɑ̝̹	ɑ̝̹	NA	FALSE
ɑ̤	ɑ̤	ɑ̤	NA	TRUE
ɑ˞	ɑ˞	ɑ˞	NA	FALSE
ɑː	ɑː	ɑː	NA	TRUE
ɑ̃ː	ɑ̃ː	ɑ̃ː	NA	TRUE
ɑ̟ː	ɑ̟ː	ɑ̟ː	NA	FALSE
ɑ̝ː	ɑ̝ː	ɑ̝ː	NA	FALSE
ɑ̰ː	ɑ̰ː	ɑ̰ː	NA	FALSE
ɑːi̯	ɑːi̯	ɑːi̯	NA	FALSE
ɑˑ	ɑˑ	ɑˑ	NA	FALSE
ɑ̟ˑ	ɑ̟ˑ	ɑ̟ˑ	NA	FALSE
ɑi	ɑi	ɑi	NA	TRUE
ɑi̯	ɑi̯	ɑi̯	NA	FALSE
ɑj	ɑy	ɑj	guess	FALSE
ɑu	ɑu	ɑu	NA	TRUE
ɑʊ	ɑʊ	ɑʊ	NA	TRUE
ɑʊ̯	ɑʊ̯	ɑʊ̯	NA	FALSE
ɑw	ɑɯ	ɑw	guess	FALSE
ɒ	ɒ	ɒ	NA	TRUE
ɒ̃	ɒ̃	ɒ̃	NA	TRUE
ɒː	ɒː	ɒː	NA	TRUE
ɒ̃ː	ɒ̃ː	ɒ̃ː	NA	TRUE
ɒːi̯	ɒːi̯	ɒːi̯	NA	FALSE
b	b	b	NA	TRUE
b̥	b̥	b̥	NA	FALSE
b˞	b˞	b˞	NA	FALSE
bː	bː	bː	NA	TRUE
b̥ː	b̥ː	b̥ː	NA	FALSE
bˠ	bˠ	bˠ	NA	TRUE
bʰ	bʰ	bʰ	NA	FALSE
bʱ	bʱ	bʱ	NA	TRUE
b̤ʱ	b̤ʱ	b̤ʱ	NA	FALSE
bʲ	bʲ	bʲ	NA	TRUE
bʲː	bːʲ	bʲː	NA	FALSE
bˤ	bˤ	bˤ	NA	TRUE
ɓ	ɓ	ɓ	NA	TRUE
c	c	c	NA	TRUE
ç	ç	ç	conventionalized	TRUE
ç̟	ç̟	ç̟	NA	TRUE
c̟	c̟	c̟	NA	TRUE
çː	çː	çː	NA	TRUE
cːʰ	cːʰ	cːʰ	NA	FALSE
cç	cç	cç	NA	TRUE
cçː	cçː	cçː	NA	TRUE
cçʰ	cçʰ	cçʰ	NA	TRUE
cʰ	cʰ	cʰ	NA	TRUE
çʰ	çʰ	çʰ	NA	FALSE
cʼ	cʼ	cʼ	NA	TRUE
ɕ	ɕ	ɕ	NA	TRUE
ɕː	ɕː	ɕː	NA	TRUE
ɕʰ	ɕʰ	ɕʰ	NA	FALSE
ɕʼ	ɕʼ	ɕʼ	NA	TRUE
d	d	d	NA	TRUE
d̺	d̺	d̺	NA	TRUE
d̻	d̻	d̻	NA	TRUE
d̪	d̪	d̪	NA	TRUE
d̪̻	d̪̻	d̪̻	NA	FALSE
d̪̺	d̪̺	d̪̺	NA	FALSE
d̺̥	d̺̥	d̺̥	NA	FALSE
d̪̥	d̪̥	d̪̥	NA	FALSE
d̥	d̥	d̥	NA	FALSE
ð	ð	ð	NA	TRUE
ð̞	ð̞	ð̞	NA	TRUE
ð̺̞	ð̺̞	ð̺̞	NA	FALSE
ð̺̪	ð̪̺	ð̺̪	NA	FALSE
dː	dː	dː	NA	TRUE
d̥ː	d̥ː	d̥ː	NA	FALSE
ðː	ðː	ðː	NA	TRUE
d̪ˠ	d̪ˠ	d̪ˠ	NA	FALSE
ð͇ˠ	ð͇ˠ	ð͇ˠ	NA	FALSE
dʰ	dʰ	dʰ	NA	FALSE
d̪ʰ	d̪ʰ	d̪ʰ	NA	FALSE
dʱ	dʱ	dʱ	NA	TRUE
d̺ʱ	d̺ʱ	d̺ʱ	NA	FALSE
d̪ʱ	d̪ʱ	d̪ʱ	NA	TRUE
d̪̤ʱ	d̤̪ʱ	d̪̤ʱ	NA	FALSE
d̻̤ʱ	d̤̻ʱ	d̻̤ʱ	NA	FALSE
dʲ	dʲ	dʲ	NA	TRUE
d̪ʲ	d̪ʲ	d̪ʲ	NA	TRUE
d̠ʲ	d̠ʲ	d̠ʲ	NA	FALSE
d̥ʲ	d̥ʲ	d̥ʲ	NA	FALSE
ðʲ	ðʲ	ðʲ	NA	TRUE
dʷ	dʷ	dʷ	NA	TRUE
dz	dz	dz	NA	TRUE
dẑ	dʑ	dẑ	Ladefoged & Maddieson 1996:138: laminal closed postalevolar sibilants	TRUE
dz̻	dz̻	dz̻	NA	FALSE
dz̺	dz̺	dz̺	NA	FALSE
d̪z	d̪z	d̪z	NA	FALSE
d͇z͇	d͇z͇	d͇z͇	NA	FALSE
d̪z̪	d̪z̪	d̪z̪	NA	TRUE
d̺z̺	d̺z̺	d̺z̺	NA	FALSE
d̺̥z̺̥	d̺̥z̺̥	d̺̥z̺̥	NA	FALSE
d̥z̥	d̥z̥	d̥z̥	NA	FALSE
dzː	dzː	dzː	NA	TRUE
d̺z̺ː	d̺z̺ː	d̺z̺ː	NA	FALSE
dzʰ	dzʰ	dzʰ	NA	FALSE
dzʱ	dzʱ	dzʱ	NA	TRUE
dzʲ	dzʲ	dzʲ	NA	TRUE
d̪ᶻʲ	d̪ʲ	d̪ᶻʲ	probably marks frication	TRUE
d̪z̪ʲ	d̪z̪ʲ	d̪z̪ʲ	NA	TRUE
d̥z̥ʲ	d̥z̥ʲ	d̥z̥ʲ	NA	FALSE
dẑʷ	dʑʷ	dẑʷ	Ladefoged & Maddieson 1996:138: laminal closed postalevolar sibilants	FALSE
dʐ	ɖʐ	dʐ	conventionalized	TRUE
dʑ	dʑ	dʑ	NA	TRUE
d̻ʑ̻	d̻ʑ̻	d̻ʑ̻	NA	FALSE
d̥ʑ̥	d̥ʑ̥	d̥ʑ̥	NA	FALSE
dʑʰ	dʑʰ	dʑʰ	NA	FALSE
d̻ʑ̻ʱ	d̻ʑ̻ʱ	d̻ʑ̻ʱ	NA	FALSE
dʒ	dʒ	dʒ	NA	TRUE
d̺ʒ̺	d̺ʒ̺	d̺ʒ̺	NA	FALSE
d̻ʒ̻	d̻ʒ̻	d̻ʒ̻	NA	FALSE
d̥ʒ̊	d̥ʒ̊	d̥ʒ̊	NA	FALSE
d̥ʒ̥	d̥ʒ̥	d̥ʒ̥	NA	FALSE
dʒː	dʒː	dʒː	NA	FALSE
dʒʰ	dʒʰ	dʒʰ	NA	FALSE
dʒʱ	dʒʱ	dʒʱ	NA	FALSE
d̤ʒ̤ʱ	d̤ʒ̤ʱ	d̤ʒ̤ʱ	NA	FALSE
dʒʲ	dʒʲ	dʒʲ	NA	FALSE
d̺ʒ̺ʷ	d̺ʒ̺ʷ	d̺ʒ̺ʷ	NA	FALSE
dʼ	dʼ	dʼ	NA	TRUE
ðʼ	ðʼ	ðʼ	NA	FALSE
dˤ	dˤ	dˤ	NA	TRUE
d̪ˤ	d̪ˤ	d̪ˤ	NA	TRUE
ðˤ	ðˤ	ðˤ	NA	TRUE
ɖ	ɖ	ɖ	NA	TRUE
ɖː	ɖː	ɖː	NA	TRUE
ɖʰ	ɖʰ	ɖʰ	NA	FALSE
ɖʱ	ɖʱ	ɖʱ	NA	TRUE
ɖ̤ʱ	ɖ̤ʱ	ɖ̤ʱ	NA	FALSE
ɖɽ	ɖɽ	ɖɽ	NA	TRUE
ɖʐ	ɖʐ	ɖʐ	NA	TRUE
ɖ̻ʐ̻	ɖ̻ʐ̻	ɖ̻ʐ̻	NA	FALSE
ɖ̥ʐ̥	ɖ̥ʐ̥	ɖ̥ʐ̥	NA	FALSE
ɗ	ɗ	ɗ	NA	TRUE
ᶑ	ᶑ	ᶑ	NA	TRUE
e	e	e	NA	TRUE
ĕ	ĕ	ĕ	NA	TRUE
ẽ	ẽ	ẽ	NA	TRUE
ẽ̞	ẽ̞	ẽ̞	NA	TRUE
e̞	e̞	e̞	NA	TRUE
e̠	e̠	e̠	NA	TRUE
ẽ̞	ẽ̞	ẽ̞	NA	TRUE
e̞̰	ḛ̞	e̞̰	NA	TRUE
e̤	e̤	e̤	NA	TRUE
ḛ	ḛ	ḛ	NA	TRUE
e˞	e˞	e˞	new segment type added	FALSE
eː	eː	eː	NA	TRUE
ẽː	ẽː	ẽː	NA	TRUE
e̞ː	e̞ː	e̞ː	NA	TRUE
ẽ̞ː	ẽ̞ː	ẽ̞ː	NA	TRUE
e̤ː	e̤ː	e̤ː	NA	TRUE
eːi̯	eːi̯	eːi̯	NA	FALSE
eˑ	eˑ	eˑ	NA	TRUE
ea	ea	ea	NA	TRUE
e̯ä	e̯ä	e̯ä	NA	FALSE
eə	eə	eə	NA	TRUE
eɛ	eɛ	eɛ	NA	FALSE
ei	ei	ei	NA	TRUE
ei̯	ei̯	ei̯	NA	TRUE
eɪ	eɪ	eɪ	NA	TRUE
eɪ̃	eɪ̃	eɪ̃	NA	FALSE
ẽɪ̃	ẽɪ̃	ẽɪ̃	NA	FALSE
ḛɪ̰	ḛɪ̰	ḛɪ̰	NA	FALSE
ej	ej	ej	NA	TRUE
ẽj	ẽj	ẽj	NA	FALSE
eo	eo	eo	NA	TRUE
eu	eu	eu	NA	TRUE
eu̯	eu̯	eu̯	NA	TRUE
e̞u̯	e̞u̯	e̞u̯	NA	FALSE
ew	ue	ew	guess	TRUE
ə	ə	ə	NA	TRUE
ə̆	ə̆	ə̆	NA	TRUE
ə̃	ə̃	ə̃	NA	TRUE
ə̟̆	ə̟̆	ə̟̆	NA	FALSE
ə̞̆	ə̞̆	ə̞̆	NA	FALSE
ə̤	ə̤	ə̤	NA	TRUE
ə̰	ə̰	ə̰	NA	TRUE
ə̹	ə̹	ə̹	NA	FALSE
ə˞	ə˞	ə˞	NA	TRUE
ə˞ː	ə˞ː	ə˞ː	new segment type added	FALSE
əː	əː	əː	NA	TRUE
əː̃	ə̃ː	əː̃	NA	TRUE
ə̤̃ː	ə̤̃ː	ə̤̃ː	NA	FALSE
əi	əi	əi	NA	TRUE
əĩ	əĩ	əĩ	NA	FALSE
əi̯	əi̯	əi̯	NA	FALSE
ə̃ĩ	ə̃ĩ	ə̃ĩ	NA	FALSE
əɨ	əɨ	əɨ	NA	FALSE
əj	əj	əj	NA	FALSE
əo	əo	əo	NA	FALSE
əu	əu	əu	NA	TRUE
əũ	əũ	əũ	NA	FALSE
əu̯	əu̯	əu̯	NA	FALSE
ə̃ũ	ə̃ũ	ə̃ũ	NA	FALSE
əɯ̃	əɯ̃	əɯ̃	NA	FALSE
ə̰ɯ̰	ə̰ɯ̰	ə̰ɯ̰	NA	FALSE
əʊ	əʊ	əʊ	NA	FALSE
əw	əw	əw	NA	FALSE
əy	əy	əy	NA	TRUE
əˤ	əˤ	əˤ	new segment type added	FALSE
ɛ	ɛ	ɛ	NA	TRUE
ɛ̃	ɛ̃	ɛ̃	NA	TRUE
ɛ̠	ɛ̠	ɛ̠	NA	FALSE
ɛ̞	ɛ̞	ɛ̞	NA	TRUE
ɛ̝	ɛ̝	ɛ̝	NA	TRUE
ɛ̤	ɛ̤	ɛ̤	NA	TRUE
ɛ̰	ɛ̰	ɛ̰	NA	TRUE
ɛː	ɛː	ɛː	NA	TRUE
ɛː̃	ɛ̃ː	ɛː̃	NA	TRUE
ɛ̃ː	ɛ̃ː	ɛ̃ː	NA	TRUE
ɛ̤̃ː	ɛ̤̃ː	ɛ̤̃ː	NA	FALSE
ɛ̞ː	ɛː	ɛ̞ː	conventionalized; TODO: investigate	TRUE
ɛ̠ː	ɛ̠ː	ɛ̠ː	NA	FALSE
ɛ̤ː	ɛ̤ː	ɛ̤ː	NA	TRUE
ɛ̰ː	ɛ̰ː	ɛ̰ː	NA	TRUE
ɛ̃ːi̯	ɛ̃ːi̯	ɛ̃ːi̯	NA	FALSE
ɛˑ	ɛˑ	ɛˑ	NA	TRUE
ɛa	ɛa	ɛa	NA	FALSE
ɛa̟	ɛa̟	ɛa̟	NA	FALSE
ɛ̯æː	ɛ̯æː	ɛ̯æː	NA	FALSE
ɛɐ	ɛɐ	ɛɐ	NA	FALSE
ɛi	ɛi	ɛi	NA	TRUE
ɛi̯	ɛi̯	ɛi̯	NA	FALSE
ɛ̤i̤	ɛ̤i̤	ɛ̤i̤	NA	FALSE
ɛɪ	ɛɪ	ɛɪ	NA	TRUE
ɛo	ɛo	ɛo	NA	TRUE
ɛu	ɛu	ɛu	NA	TRUE
ɛu̯	ɛu̯	ɛu̯	NA	FALSE
ɛ̃ũ	ɛ̃ũ	ɛ̃ũ	NA	FALSE
ɛʉ	ɛʉ	ɛʉ	NA	FALSE
ɘ	ɘ	ɘ	NA	TRUE
ɘ̆	ɘ̆	ɘ̆	NA	FALSE
ɘ̃	ɘ̃	ɘ̃	NA	TRUE
ɘ̠	ɘ̠	ɘ̠	NA	FALSE
ɘ̟	ɘ̟	ɘ̟	NA	FALSE
ɘː	ɘː	ɘː	NA	TRUE
ɜ	ɜ	ɜ	NA	TRUE
ɜ̹	ɜ̹	ɜ̹	NA	FALSE
ɜː	ɜː	ɜː	NA	TRUE
ɜ̹ː	ɜ̹ː	ɜ̹ː	NA	FALSE
ɜi	ɜi	ɜi	NA	TRUE
ɜj	ɜj	ɜj	NA	FALSE
ɞ	ɞ	ɞ	NA	TRUE
ɞ̜	ɞ̜	ɞ̜	NA	FALSE
ɞ̠	ɞ̠	ɞ̠	NA	FALSE
ɞ̜̰	ɞ̰̜	ɞ̜̰	NA	FALSE
ɞ̰	ɞ̰	ɞ̰	NA	FALSE
ɞː	ɞː	ɞː	NA	FALSE
ɞ̜̃ː	ɞ̜̃ː	ɞ̜̃ː	NA	FALSE
ɞ̜ː	ɞ̜ː	ɞ̜ː	NA	FALSE
ɞ̠ː	ɞ̠ː	ɞ̠ː	NA	FALSE
ɞe̯	ɞe̯	ɞe̯	NA	FALSE
ɞʏ̯	ɞʏ̯	ɞʏ̯	NA	FALSE
ɤ	ɤ	ɤ	NA	TRUE
ɤ̞̆	ɤ̞̆	ɤ̞̆	NA	FALSE
ɤ̞	ɤ̞	ɤ̞	NA	TRUE
ɤ̟	ɤ̟	ɤ̟	NA	TRUE
ɤ̝	ɤ̝	ɤ̝	NA	FALSE
ɤ̟̹	ɤ̟̹	ɤ̟̹	NA	FALSE
ɤː	ɤː	ɤː	NA	TRUE
ɤ̟ː	ɤː	ɤ̟ː	conventionalized; TODO: investigate	TRUE
ɤˑ	ɤˑ	ɤˑ	NA	FALSE
ɤi	ɤi	ɤi	NA	TRUE
f	f	f	NA	TRUE
f̩	f̩	f̩	NA	FALSE
fː	fː	fː	NA	TRUE
fˠ	fˠ	fˠ	NA	FALSE
fʲ	fʲ	fʲ	NA	TRUE
fʲː	fːʲ	fʲː	NA	FALSE
fʼ	fʼ	fʼ	NA	TRUE
g	g	g	NA	FALSE
g̊	g̊	g̊	NA	FALSE
g˞	g˞	g˞	NA	FALSE
gː	gː	gː	NA	FALSE
g̊ː	g̊ː	g̊ː	NA	FALSE
gːʷ	gːʷ	gːʷ	NA	FALSE
gʰ	gʰ	gʰ	NA	FALSE
gʱ	gʱ	gʱ	NA	FALSE
g̤ʱ	g̤ʱ	g̤ʱ	NA	FALSE
gʲ	ɡʲ	gʲ	conventionalized	TRUE
gʲː	gːʲ	gʲː	NA	FALSE
gʷ	ɡʷ	gʷ	conventionalized	TRUE
g̊ʷ	g̊ʷ	g̊ʷ	NA	FALSE
ɡ	ɡ	ɡ	NA	TRUE
ɡʲ	ɡʲ	ɡʲ	NA	TRUE
ɡʷ	ɡʷ	ɡʷ	NA	TRUE
ɢ	ɢ	ɢ	NA	TRUE
ɢ̥	ɢ̥	ɢ̥	NA	FALSE
ɢʁ	ɢʁ	ɢʁ	NA	FALSE
ɢʷ	ɢʷ	ɢʷ	NA	TRUE
ɠ	ɠ	ɠ	NA	TRUE
ɣ	ɣ	ɣ	NA	TRUE
ɣ̊	ɣ̊	ɣ̊	NA	FALSE
ɣʲ	ɣʲ	ɣʲ	NA	TRUE
ɣʷ	ɣʷ	ɣʷ	NA	TRUE
h	h	h	NA	TRUE
h̃	h̃	h̃	NA	TRUE
ħ	ħ	ħ	NA	TRUE
ʰc	ʰc	ʰc	NA	TRUE
hʲ	hʲ	hʲ	NA	TRUE
ħ̃ʲ	ħ̃ʲ	ħ̃ʲ	NA	FALSE
ʰk	ʰk	ʰk	NA	TRUE
ʰkː	ʰkː	ʰkː	NA	FALSE
ʰkʰ	ʰkʰ	ʰkʰ	NA	FALSE
ʰkʲ	ʰkʲ	ʰkʲ	NA	FALSE
ʰl̥	ʰl̥	ʰl̥	NA	FALSE
ʰp	ʰp	ʰp	NA	TRUE
ʰpː	ʰpː	ʰpː	NA	FALSE
ʰpʰ	ʰpʰ	ʰpʰ	NA	FALSE
ʰpʲ	ʰpʲ	ʰpʲ	NA	FALSE
ʰqʰ	ʰqʰ	ʰqʰ	NA	FALSE
ʰsʰ	ʰsʰ	ʰsʰ	NA	FALSE
ʰt	ʰt	ʰt	NA	TRUE
ʰtː	ʰtː	ʰtː	NA	FALSE
ʰtɕ	ʰtɕ	ʰtɕ	NA	FALSE
ʰtɕʰ	ʰtɕʰ	ʰtɕʰ	NA	FALSE
ʰtʰ	ʰtʰ	ʰtʰ	NA	FALSE
ʰtʲ	ʰtʲ	ʰtʲ	NA	FALSE
ʰts	ʰts	ʰts	NA	TRUE
ʰtsː	ʰtsː	ʰtsː	NA	FALSE
ʰtsʰ	ʰtsʰ	ʰtsʰ	NA	FALSE
ʰtsʲ	ʰtsʲ	ʰtsʲ	NA	FALSE
ʰtʃ	ʰtʃ	ʰtʃ	NA	FALSE
ʰtʃː	ʰtʃː	ʰtʃː	NA	FALSE
ʰtʃʰ	ʰtʃʰ	ʰtʃʰ	NA	FALSE
ʰʈ	ʰʈ	ʰʈ	NA	FALSE
ʰʈʂʰ	ʰʈʂʰ	ʰʈʂʰ	NA	FALSE
hʷ	hʷ	hʷ	NA	TRUE
ħʷ	ħʷ	ħʷ	NA	TRUE
ʰʷɕʰ	ʰʷɕʰ	ʰʷɕʰ	NA	FALSE
ʰʷk	ʰʷk	ʰʷk	NA	FALSE
ʰʷs	ʰʷs	ʰʷs	NA	FALSE
ʰʷsʰ	ʰʷsʰ	ʰʷsʰ	NA	FALSE
ʰʷʂʰ	ʰʷʂʰ	ʰʷʂʰ	NA	FALSE
ʰʷt	ʰʷt	ʰʷt	NA	FALSE
ʰʷtɕ	ʰʷtɕ	ʰʷtɕ	NA	FALSE
ʰʷts	ʰʷts	ʰʷts	NA	FALSE
ʰʷʈ	ʰʷʈ	ʰʷʈ	NA	FALSE
ʜ	ʜ	ʜ	NA	FALSE
ʜʷ	ʜʷ	ʜʷ	NA	FALSE
ɦ	ɦ	ɦ	NA	TRUE
ʱb	ʱb	ʱb	NA	FALSE
ʱd	ʱd	ʱd	NA	FALSE
ʱdz	ʱdz	ʱdz	NA	FALSE
ʱdʑ	ʱdʑ	ʱdʑ	NA	FALSE
ʱɖ	ʱɖ	ʱɖ	NA	FALSE
ʱɡ	ʱɡ	ʱɡ	NA	FALSE
ʱj	ʱj	ʱj	NA	FALSE
ʱɟ	ʱɟ	ʱɟ	NA	FALSE
ʱl	ʱl	ʱl	NA	TRUE
ʱm	ʱm	ʱm	NA	TRUE
ʱn	ʱn	ʱn	NA	FALSE
ʱɲ	ʱɲ	ʱɲ	NA	FALSE
ʱŋ	ʱŋ	ʱŋ	NA	TRUE
ʱz	ʱz	ʱz	NA	FALSE
ʱʐ	ʱʐ	ʱʐ	NA	FALSE
ɧ	ɧ	ɧ	NA	TRUE
i	i	i	NA	TRUE
ĩ	ĩ	ĩ	NA	TRUE
i̯	i̯	i̯	new segment type added	FALSE
i̞	i̞	i̞	NA	TRUE
i̘	i̘	i̘	NA	TRUE
i̠	i̠	i̠	NA	FALSE
ĩ̞	ĩ̞	ĩ̞	NA	FALSE
ĩ̯	ĩ̯	ĩ̯	NA	FALSE
i̤	i̤	i̤	NA	TRUE
ḭ	ḭ	ḭ	NA	TRUE
i˞	i˞	i˞	new segment type added	FALSE
i˞ˤ	i˞ˤ	i˞ˤ	new segment type added	FALSE
i˞ˤː	i˞ːˤ	i˞ˤː	new segment type added	FALSE
iː	iː	iː	NA	TRUE
ĩː	ĩː	ĩː	NA	TRUE
ĩ̤ː	ĩ̤ː	ĩ̤ː	NA	FALSE
i̞ː	i̞ː	i̞ː	NA	TRUE
i̤ː	i̤ː	i̤ː	NA	TRUE
ḭː	ḭː	ḭː	NA	TRUE
iːə	iːə	iːə	NA	FALSE
iːɛ	iːɛ	iːɛ	NA	TRUE
iˑ	iˑ	iˑ	NA	TRUE
ia	ia	ia	NA	TRUE
ĩã	ĩã	ĩã	NA	FALSE
i̯a	i̯a	i̯a	NA	FALSE
iæ	iæ	iæ	NA	TRUE
iæ̃	iæ̃	iæ̃	NA	FALSE
iau	iau	iau	NA	TRUE
iɐ	iɐ	iɐ	NA	FALSE
iɑ	iɑ	iɑ	guess	FALSE
iɑu	iɑu	iɑu	NA	FALSE
ie	ie	ie	NA	TRUE
iẽ	iẽ	iẽ	NA	TRUE
ie̞	ie̞	ie̞	NA	TRUE
ĩẽ	ĩẽ	ĩẽ	NA	FALSE
i̯e	i̯e	i̯e	NA	FALSE
i̯ẽ	i̯ẽ	i̯ẽ	NA	FALSE
iẽː	iẽː	iẽː	NA	FALSE
iə	iə	iə	NA	TRUE
iə̯	iə̯	iə̯	NA	FALSE
iɛ	iɛ	iɛ	NA	TRUE
iɛ̃	iɛ̃	iɛ̃	NA	FALSE
iɛ̠	iɛ̠	iɛ̠	NA	FALSE
i̯ɛ	i̯ɛ	i̯ɛ	NA	FALSE
iɛː	iɛː	iɛː	NA	TRUE
ĩɛ̃ː	ĩɛ̃ː	ĩɛ̃ː	NA	FALSE
iɛi̯	iɛi̯	iɛi̯	NA	FALSE
iɜ	iɜ	iɜ	NA	FALSE
ii	ii	ii	NA	FALSE
ii̯	ii̯	ii̯	NA	FALSE
iɪ̯	iɪ̯	iɪ̯	NA	FALSE
ij	ij	ij	NA	FALSE
io	io	io	NA	TRUE
iø	iø	iø	NA	FALSE
ĩõ	ĩõ	ĩõ	NA	FALSE
iou	iou	iou	NA	TRUE
iɔ	iɔ	iɔ	NA	TRUE
iu	iu	iu	NA	TRUE
iu̯	iu̯	iu̯	NA	FALSE
i̯uo	i̯uo	i̯uo	NA	FALSE
i̯ũo	i̯ũo	i̯ũo	NA	FALSE
iw	iu	iw	guess	TRUE
iˤ	iˤ	iˤ	NA	TRUE
iˤː	iːˤ	iˤː	NA	TRUE
iˤæ	iˤæ	iˤæ	NA	FALSE
ɪ	ɪ	ɪ	NA	TRUE
ɪ̆	ɪ̆	ɪ̆	NA	TRUE
ɪ̈	ɪ̈	ɪ̈	NA	TRUE
ɪ̞̈	ɪ̞̈	ɪ̞̈	NA	FALSE
ɪ̃	ɪ̃	ɪ̃	NA	TRUE
ɪ̯	ɪ̯	ɪ̯	NA	TRUE
ɪ̞	ɪ̞	ɪ̞	NA	FALSE
ɪ̰	ɪ̰	ɪ̰	NA	FALSE
ɪː	ɪː	ɪː	NA	TRUE
ɪ̃ː	ɪ̃ː	ɪ̃ː	NA	TRUE
ɪ̯ä	ɪ̯ä	ɪ̯ä	NA	FALSE
ɪə	ɪə	ɪə	NA	FALSE
ɪ̃ə̃	ɪ̃ə̃	ɪ̃ə̃	NA	FALSE
ɪɛ	ɪɛ	ɪɛ	NA	TRUE
ɪ̃ɛ	ɪ̃ɛ	ɪ̃ɛ	NA	FALSE
ɪɛː	ɪɛː	ɪɛː	NA	FALSE
ɪ̃ɛː	ɪ̃ɛː	ɪ̃ɛː	NA	FALSE
ɪ̯ɔ	ɪ̯ɔ	ɪ̯ɔ	NA	FALSE
ɪu	ɪu	ɪu	NA	FALSE
ɪ̯u̞	ɪ̯u̞	ɪ̯u̞	NA	FALSE
ɨ	ɨ	ɨ	NA	TRUE
ɨ̆	ɨ̆	ɨ̆	NA	TRUE
ɨ̞	ɨ̞	ɨ̞	NA	TRUE
ɨ̠	ɨ̠	ɨ̠	NA	FALSE
ɨ̞̰	ɨ̰̞	ɨ̞̰	NA	FALSE
ɨ̤	ɨ̤	ɨ̤	NA	FALSE
ɨ̹	ɨ̹	ɨ̹	NA	FALSE
ɨː	ɨː	ɨː	NA	TRUE
ɨ̞̃ː	ɨ̞̃ː	ɨ̞̃ː	NA	FALSE
ɨ̟ː	ɨː	ɨ̟ː	conventionalized; TODO: investigate	TRUE
ɨ̞ː	ɨ̞ː	ɨ̞ː	NA	FALSE
ɨ̹ː	ɨ̹ː	ɨ̹ː	NA	FALSE
ɨa	ɨa	ɨa	NA	TRUE
ɨä̠	ɨä̠	ɨä̠	NA	FALSE
ɨə	ɨə	ɨə	NA	TRUE
ɨɛ	ɨɛ	ɨɛ	NA	FALSE
ɨi	ɨi	ɨi	NA	TRUE
ɨi̯	ɨi̯	ɨi̯	NA	FALSE
ɨj	ɨj	ɨj	NA	FALSE
j	j	j	NA	TRUE
j̊	j̊	j̊	NA	FALSE
j̃	j̃	j̃	NA	TRUE
jː	jː	jː	NA	TRUE
ja	ja	ja	NA	TRUE
jaː	jaː	jaː	NA	FALSE
jæ	jæ	jæ	NA	FALSE
jæi	jæi	jæi	NA	FALSE
jai	jai	jai	NA	FALSE
jau	jau	jau	NA	FALSE
jau̯	jau̯	jau̯	NA	TRUE
je	je	je	NA	TRUE
jẽ	jẽ	jẽ	NA	FALSE
jei̯	jei̯	jei̯	NA	FALSE
jɛ	jɛ	jɛ	NA	TRUE
jɛ̃	jɛ̃	jɛ̃	NA	FALSE
jɛi	jɛi	jɛi	NA	FALSE
jɛi̯	jɛi̯	jɛi̯	NA	FALSE
jo	jo	jo	NA	TRUE
joː	joː	joː	NA	FALSE
joi	joi	joi	NA	FALSE
jɔ	jɔ	jɔ	NA	TRUE
ju	ju	ju	NA	TRUE
juː	juː	juː	NA	FALSE
juaː	juaː	juaː	NA	FALSE
jui	jui	jui	NA	FALSE
ʝ	ʝ	ʝ	NA	TRUE
ʝː	ʝː	ʝː	NA	FALSE
ɟ	ɟ	ɟ	NA	TRUE
ɟ̟	ɟ̟	ɟ̟	NA	FALSE
ɟʰ	ɟʰ	ɟʰ	NA	FALSE
ɟʱ	ɟʱ	ɟʱ	NA	TRUE
ɟʝ	ɟʝ	ɟʝ	NA	TRUE
ɟʝ̞	ɟʝ̞	ɟʝ̞	NA	FALSE
ɟ̥ʝ̥	ɟ̥ʝ̥	ɟ̥ʝ̥	NA	FALSE
ʄ	ʄ	ʄ	NA	TRUE
k	k	k	NA	TRUE
k˞	k˞	k˞	NA	FALSE
kː	kː	kː	NA	TRUE
kːʰ	kːʰ	kːʰ	NA	TRUE
kːʷ	kːʷ	kːʷ	NA	TRUE
kːʷʰ	kːʰʷ	kːʷʰ	NA	TRUE
kʰ	kʰ	kʰ	NA	TRUE
kʰ˞	k˞ʰ	kʰ˞	NA	FALSE
kʰʲ	kʰʲ	kʰʲ	NA	TRUE
kʰʷ	kʰʷ	kʰʷ	NA	TRUE
kʰʷʲ	kʰʲʷ	kʰʷʲ	new segment type added	FALSE
kʲ	kʲ	kʲ	NA	TRUE
kʲː	kːʲ	kʲː	NA	FALSE
kʲʰ	kʰʲ	kʲʰ	NA	TRUE
kʲʼ	kʲʼ	kʲʼ	NA	TRUE
kʷ	kʷ	kʷ	NA	TRUE
kʷʰ	kʰʷ	kʷʰ	NA	TRUE
kʷʲ	kʲʷ	kʷʲ	new segment type added	FALSE
kʷʼ	kʷʼ	kʷʼ	NA	TRUE
kx	kx	kx	NA	TRUE
kxːʰ	kxːʰ	kxːʰ	NA	FALSE
kxːʼ	kxːʼ	kxːʼ	NA	TRUE
kʼ	kʼ	kʼ	NA	TRUE
kʼː	kːʼ	kʼː	NA	TRUE
kʼːʷ	kːʷʼ	kʼːʷ	NA	TRUE
kʼʲ	kʲʼ	kʼʲ	NA	TRUE
kʼʷ	kʷʼ	kʼʷ	NA	TRUE
kʼʷʲ	kʲʷʼ	kʼʷʲ	new segment type added	FALSE
kˤ	kˤ	kˤ	NA	TRUE
l	l	l	NA	TRUE
l̩	l̩	l̩	NA	TRUE
l̺	l̺	l̺	NA	FALSE
l̻	l̻	l̻	NA	TRUE
l̪	l̪	l̪	NA	TRUE
l̪̊	l̪̊	l̪̊	NA	FALSE
l̥	l̥	l̥	NA	TRUE
lː	lː	lː	NA	TRUE
l̥ː	l̥ː	l̥ː	NA	TRUE
lˠ	lˠ	lˠ	NA	TRUE
l̪ˠ	l̪ˠ	l̪ˠ	NA	TRUE
lʰ	lʰ	lʰ	NA	FALSE
lʱ	lʱ	lʱ	NA	TRUE
l̪ʱ	l̪ʱ	l̪ʱ	NA	FALSE
lʲ	lʲ	lʲ	NA	TRUE
l̠ʲ	l̠ʲ	l̠ʲ	NA	FALSE
l̪ʲ	l̪ʲ	l̪ʲ	NA	TRUE
l̥ʲ	l̥ʲ	l̥ʲ	NA	TRUE
lʲː	lːʲ	lʲː	NA	FALSE
l̥ʲː	l̥ːʲ	l̥ʲː	NA	FALSE
lˤ	lˤ	lˤ	NA	TRUE
ɫ	ɫ	ɫ	NA	TRUE
ɫ̺	ɫ̺	ɫ̺	NA	FALSE
ɫ̻	ɫ̻	ɫ̻	NA	FALSE
ɫ̪	ɫ̪	ɫ̪	NA	FALSE
ɫ̥	ɫ̥	ɫ̥	NA	FALSE
ɫː	ɫː	ɫː	NA	FALSE
ɬ	ɬ	ɬ	NA	TRUE
ɬ̪	ɬ̪	ɬ̪	NA	TRUE
ɬ̺̪	ɬ̪̺	ɬ̺̪	NA	FALSE
ɬː	ɬː	ɬː	NA	TRUE
ɬˠ	ɬˠ	ɬˠ	NA	FALSE
ɬʲ	ɬʲ	ɬʲ	NA	TRUE
ɬʷ	ɬʷ	ɬʷ	NA	TRUE
ɬʼ	ɬʼ	ɬʼ	NA	TRUE
ɭ	ɭ	ɭ	NA	TRUE
ɭ̥	ɭ̥	ɭ̥	NA	TRUE
ɮ	ɮ	ɮ	NA	TRUE
ɮ̺	ɮ̺	ɮ̺	NA	FALSE
ɮʲ	ɮʲ	ɮʲ	NA	TRUE
ɮʼ	ɮʼ	ɮʼ	NA	FALSE
ʎ	ʎ	ʎ	NA	TRUE
ʎ̟	ʎ̟	ʎ̟	NA	TRUE
m	m	m	NA	TRUE
m̩	m̩	m̩	NA	TRUE
m̥	m̥	m̥	NA	TRUE
mː	mː	mː	NA	TRUE
m̥ː	m̥ː	m̥ː	NA	FALSE
mˠ	mˠ	mˠ	NA	TRUE
mʰ	mʰ	mʰ	NA	FALSE
mʱ	mʱ	mʱ	NA	TRUE
mʲ	mʲ	mʲ	NA	TRUE
m̥ʲ	m̥ʲ	m̥ʲ	NA	FALSE
mʲː	mːʲ	mʲː	NA	FALSE
m̥ʲː	m̥ːʲ	m̥ʲː	NA	FALSE
mʷ	mʷ	mʷ	NA	TRUE
mˤ	mˤ	mˤ	NA	TRUE
n	n	n	NA	TRUE
n̩	n̩	n̩	NA	TRUE
n̺	n̺	n̺	NA	TRUE
n̻	n̻	n̻	NA	TRUE
n̪	n̪	n̪	NA	TRUE
n̪̊	n̪̊	n̪̊	NA	FALSE
n̺̪	n̪̺	n̺̪	NA	FALSE
n̪̩	n̪̩	n̪̩	NA	FALSE
n̪̥	n̪̥	n̪̥	NA	TRUE
n̥	n̥	n̥	NA	TRUE
n̥̪	n̪̥	n̥̪	NA	TRUE
nː	nː	nː	NA	TRUE
n̥ː	n̥ː	n̥ː	NA	FALSE
ⁿb	ⁿb	ⁿb	NA	FALSE
ⁿc	ɲc	ⁿc	conventionalized	TRUE
ⁿcʰ	ɲcʰ	ⁿcʰ	conventionalized	FALSE
ⁿd	ⁿd	ⁿd	NA	FALSE
ⁿd̪	ⁿd̪	ⁿd̪	NA	FALSE
ⁿdz	ⁿdz	ⁿdz	NA	FALSE
ⁿd̪z̪	ⁿd̪z̪	ⁿd̪z̪	NA	FALSE
ⁿd͇z͇	ⁿd͇z͇	ⁿd͇z͇	NA	FALSE
ⁿdʑ	ⁿdʑ	ⁿdʑ	NA	FALSE
ⁿdʒ	ⁿdʒ	ⁿdʒ	NA	FALSE
ⁿɖ	ⁿɖ	ⁿɖ	NA	FALSE
ⁿɖɽ	ⁿɖɽ	ⁿɖɽ	NA	FALSE
ⁿɖʐ	ⁿɖʐ	ⁿɖʐ	NA	FALSE
ⁿg	ⁿg	ⁿg	NA	FALSE
ⁿɡ	ⁿɡ	ⁿɡ	NA	FALSE
ⁿɢ	ⁿɢ	ⁿɢ	NA	FALSE
nˠ	nˠ	nˠ	NA	TRUE
n̪ˠ	n̪ˠ	n̪ˠ	NA	FALSE
nʰ	nʰ	nʰ	NA	FALSE
nʱ	nʱ	nʱ	NA	TRUE
n̪ʱ	n̪ʱ	n̪ʱ	NA	FALSE
nʲ	nʲ	nʲ	NA	TRUE
n̠ʲ	n̠ʲ	n̠ʲ	NA	FALSE
n̪ʲ	n̪ʲ	n̪ʲ	NA	TRUE
n̥ʲ	n̥ʲ	n̥ʲ	NA	TRUE
nʲː	nːʲ	nʲː	NA	FALSE
n̥ʲː	n̥ːʲ	n̥ʲː	NA	FALSE
ⁿɟ	ⁿɟ	ⁿɟ	NA	FALSE
ⁿk	ŋk	ⁿk	conventionalized	TRUE
ⁿkʰ	ŋkʰ	ⁿkʰ	conventionalized	TRUE
ⁿp	mp	ⁿp	conventionalized	TRUE
ⁿpʰ	mpʰ	ⁿpʰ	conventionalized	TRUE
ⁿq	ɴq	ⁿq	conventionalized	TRUE
ⁿqʰ	ɴqʰ	ⁿqʰ	conventionalized	TRUE
ⁿsʰ	ⁿsʰ	ⁿsʰ	NA	FALSE
ⁿt	nt	ⁿt	conventionalized	TRUE
ⁿtɕʰ	ⁿtɕʰ	ⁿtɕʰ	NA	FALSE
ⁿtʰ	ntʰ	ⁿtʰ	conventionalized	TRUE
ⁿts	nts	ⁿts	conventionalized	TRUE
ⁿtsʰ	ntsʰ	ⁿtsʰ	new segment type added	FALSE
ⁿt̪s̪ʰ	ⁿt̪s̪ʰ	ⁿt̪s̪ʰ	NA	FALSE
ⁿt͇s͇ʰ	ⁿt͇s͇ʰ	ⁿt͇s͇ʰ	NA	FALSE
ⁿtʃ	n̠t̠ʃ	ⁿtʃ	conventionalized	TRUE
ⁿtʃʰ	n̠t̠ʃʰ	ⁿtʃʰ	conventionalized	TRUE
ⁿʈʰ	ⁿʈʰ	ⁿʈʰ	NA	FALSE
ⁿʈɽʰ	ⁿʈɽʰ	ⁿʈɽʰ	NA	FALSE
ⁿʈʂ	ɳʈʂ	ⁿʈʂ	conventionalized	TRUE
ⁿʈʂʰ	ɳʈʂʰ	ⁿʈʂʰ	conventionalized	TRUE
ⁿxʰ	ⁿxʰ	ⁿxʰ	NA	FALSE
nˤ	nˤ	nˤ	NA	TRUE
ɴ	ɴ	ɴ	NA	TRUE
ɲ	ɲ	ɲ	NA	TRUE
ɲ̊	ɲ̊	ɲ̊	NA	FALSE
ɲ̟	ɲ̟	ɲ̟	NA	TRUE
ɲ̥	ɲ̥	ɲ̥	NA	TRUE
ɲː	ɲː	ɲː	NA	TRUE
ɳ	ɳ	ɳ	NA	TRUE
ɳʱ	ɳʱ	ɳʱ	NA	TRUE
ŋ	ŋ	ŋ	NA	TRUE
ŋ̊	ŋ̊	ŋ̊	NA	FALSE
ŋ̩	ŋ̩	ŋ̩	NA	TRUE
ŋ̟	ŋ̟	ŋ̟	NA	FALSE
ŋ̥	ŋ̥	ŋ̥	NA	TRUE
ŋː	ŋː	ŋː	NA	TRUE
ŋʰ	ŋʰ	ŋʰ	NA	FALSE
ŋʱ	ŋʱ	ŋʱ	NA	TRUE
ŋʲ	ŋʲ	ŋʲ	NA	TRUE
ŋʲː	ŋːʲ	ŋʲː	NA	FALSE
ŋʷ	ŋʷ	ŋʷ	NA	TRUE
o	o	o	NA	TRUE
ŏ	ŏ	ŏ	NA	TRUE
õ	õ	õ	NA	TRUE
ø	ø	ø	NA	TRUE
ø̃	ø̃	ø̃	NA	FALSE
ø̞	ø̞	ø̞	NA	TRUE
ø̠̞	ø̞̠	ø̠̞	NA	FALSE
ø̞̜	ø̞̜	ø̞̜	NA	FALSE
ø̤	ø̤	ø̤	NA	FALSE
ø̰	ø̰	ø̰	NA	FALSE
o̞	o̞	o̞	NA	TRUE
õ̞	õ̞	õ̞	NA	TRUE
o̞̙	o̙̞	o̞̙	NA	FALSE
o̞̜	o̞̜	o̞̜	NA	FALSE
o̤	o̤	o̤	NA	TRUE
o̰	o̰	o̰	NA	TRUE
oː	oː	oː	NA	TRUE
õː	õː	õː	NA	TRUE
øː	øː	øː	NA	TRUE
ø̃ː	ø̃ː	ø̃ː	NA	FALSE
ø̞ː	ø̞ː	ø̞ː	NA	TRUE
ø̞̜ː	ø̞̜ː	ø̞̜ː	NA	FALSE
o̞ː	o̞ː	o̞ː	NA	TRUE
o̞̜ː	o̞̜ː	o̞̜ː	NA	FALSE
o̤ː	o̤ː	o̤ː	NA	TRUE
oːu̯	oːu̯	oːu̯	NA	FALSE
øːy̯	øːy̯	øːy̯	NA	FALSE
oˑ	oˑ	oˑ	NA	TRUE
øˑ	øˑ	øˑ	NA	FALSE
o̟ˑ	o̟ˑ	o̟ˑ	NA	FALSE
oa	oa	oa	NA	TRUE
oä	oä	oä	NA	FALSE
õã	õã	õã	NA	FALSE
o̞ä	o̞ä	o̞ä	NA	FALSE
o̯ä	o̯ä	o̯ä	NA	FALSE
oe	oe	oe	NA	TRUE
œ	œ	œ	NA	TRUE
œ̃	œ̃	œ̃	NA	TRUE
œ̠	œ̠	œ̠	NA	FALSE
œ̞	œ̞	œ̞	NA	FALSE
œ̜	œ̜	œ̜	NA	FALSE
œː	œː	œː	NA	TRUE
œ̃ː	œ̃ː	œ̃ː	NA	FALSE
œ̜ː	œ̜ː	œ̜ː	NA	FALSE
œ̠ː	œ̠ː	œ̠ː	NA	FALSE
œ̞ː	œ̞ː	œ̞ː	NA	FALSE
œ̰ː	œ̰ː	œ̰ː	NA	FALSE
œ̃ɛ̃	œ̃ɛ̃	œ̃ɛ̃	NA	FALSE
œ̞ɛ̞	œ̞ɛ̞	œ̞ɛ̞	new segment type added; TODO: investigate	FALSE
œi	œi	œi	NA	TRUE
œj	œj	œj	NA	FALSE
œy	œy	œy	NA	TRUE
oə	oə	oə	NA	FALSE
øə	øə	øə	NA	FALSE
oi	oi	oi	NA	TRUE
oi̯	oi̯	oi̯	NA	TRUE
o̞i̯	o̞i̯	o̞i̯	NA	FALSE
øɪ̯	øɪ̯	øɪ̯	NA	FALSE
oj	oj	oj	NA	TRUE
õj	õj	õj	NA	FALSE
oɔ	oɔ	oɔ	NA	FALSE
ou	ou	ou	NA	TRUE
ou̯	ou̯	ou̯	NA	TRUE
øu	øu	øu	NA	FALSE
oʊ	oʊ	oʊ	NA	TRUE
oʊ̃	oʊ̃	oʊ̃	NA	FALSE
ow	ow	ow	NA	TRUE
øy	øy	øy	NA	TRUE
øy̯	øy̯	øy̯	NA	FALSE
oˤ	oˤ	oˤ	NA	TRUE
oˤː	oːˤ	oˤː	NA	FALSE
ɶ	ɶ	ɶ	NA	FALSE
ɶː	ɶː	ɶː	NA	FALSE
ɔ	ɔ	ɔ	NA	TRUE
ɔ̃	ɔ̃	ɔ̃	NA	TRUE
ɔ̝	ɔ̝	ɔ̝	NA	TRUE
ɔ̞	ɔ̞	ɔ̞	NA	FALSE
ɔ̜	ɔ̜	ɔ̜	NA	FALSE
ɔ̞̃	ɔ̞̃	ɔ̞̃	NA	FALSE
ɔ̟̜	ɔ̟̜	ɔ̟̜	NA	FALSE
ɔ̟̜̰	ɔ̰̟̜	ɔ̟̜̰	NA	FALSE
ɔ̤	ɔ̤	ɔ̤	NA	TRUE
ɔ̰	ɔ̰	ɔ̰	NA	TRUE
ɔː	ɔː	ɔː	NA	TRUE
ɔː̃	ɔ̃ː	ɔː̃	NA	TRUE
ɔ̃ː	ɔ̃ː	ɔ̃ː	NA	TRUE
ɔ̟̜̃ː	ɔ̟̜̃ː	ɔ̟̜̃ː	NA	FALSE
ɔ̤̃ː	ɔ̤̃ː	ɔ̤̃ː	NA	FALSE
ɔ̜ː	ɔ̜ː	ɔ̜ː	NA	FALSE
ɔ̞ː	ɔ̞ː	ɔ̞ː	NA	FALSE
ɔ̞̃ː	ɔ̞̃ː	ɔ̞̃ː	NA	FALSE
ɔ̜̃ː	ɔ̜̃ː	ɔ̜̃ː	NA	FALSE
ɔ̟̜ː	ɔ̟̜ː	ɔ̟̜ː	NA	FALSE
ɔ̤ː	ɔ̤ː	ɔ̤ː	NA	TRUE
ɔ̰ː	ɔ̰ː	ɔ̰ː	NA	TRUE
ɔa	ɔa	ɔa	NA	FALSE
ɔaː	ɔaː	ɔaː	NA	FALSE
ɔe	ɔe	ɔe	NA	FALSE
ɔi	ɔi	ɔi	NA	TRUE
ɔi̯	ɔi̯	ɔi̯	NA	FALSE
ɔɪ	ɔɪ	ɔɪ	NA	TRUE
ɔu	ɔu	ɔu	NA	TRUE
ɔu̯	ɔu̯	ɔu̯	NA	FALSE
ɔʊ	ɔʊ	ɔʊ	NA	FALSE
ɔʊ̯	ɔʊ̯	ɔʊ̯	NA	FALSE
ɔ̃ʊ̯̃	ɔ̃ʊ̯̃	ɔ̃ʊ̯̃	NA	FALSE
ɔw	ɔw	ɔw	NA	FALSE
ɔy̯ː	ɔy̯ː	ɔy̯ː	NA	FALSE
ɔʏ	ɔʏ	ɔʏ	NA	FALSE
ɔˤː	ɔːˤ	ɔˤː	NA	FALSE
ɵ	ɵ	ɵ	NA	TRUE
ɵ̆	ɵ̆	ɵ̆	NA	FALSE
ɵ̃	ɵ̃	ɵ̃	NA	TRUE
ɵ̞	ɵ̞	ɵ̞	NA	TRUE
ɵ̟	ɵ̟	ɵ̟	NA	FALSE
ɵ̞̰	ɵ̰̞	ɵ̞̰	NA	FALSE
ɵː	ɵː	ɵː	NA	TRUE
ɵ̟ː	ɵː	ɵ̟ː	conventionalized; TODO: investigate	TRUE
ɵ̞ː	ɵ̞ː	ɵ̞ː	NA	TRUE
ɵə	ɵə	ɵə	NA	FALSE
ɵy	ɵy	ɵy	NA	FALSE
p	p	p	NA	TRUE
p˞	p˞	p˞	NA	FALSE
pː	pː	pː	NA	TRUE
pːʰ	pːʰ	pːʰ	NA	TRUE
pf	pf	pf	NA	TRUE
pˠ	pˠ	pˠ	NA	FALSE
pˠʰ	pʰˠ	pˠʰ	NA	FALSE
pʰ	pʰ	pʰ	NA	TRUE
pʰ˞	p˞ʰ	pʰ˞	NA	FALSE
pʰʲ	pʰʲ	pʰʲ	conventionalized	TRUE
pʰʷ	pʰʷ	pʰʷ	NA	TRUE
pʰˤ	pʰˤ	pʰˤ	NA	FALSE
pʲ	pʲ	pʲ	NA	TRUE
pʲː	pːʲ	pʲː	NA	FALSE
pʲʰ	pʰʲ	pʲʰ	NA	TRUE
pʷ	pʷ	pʷ	NA	TRUE
pʼ	pʼ	pʼ	NA	TRUE
pʼʲ	pʲʼ	pʼʲ	conventionalized	FALSE
pʼʷ	pʷʼ	pʼʷ	NA	FALSE
pˤ	pˤ	pˤ	NA	TRUE
ɸ	ɸ	ɸ	NA	TRUE
q	q	q	NA	TRUE
q̺	q̺	q̺	NA	FALSE
qː	qː	qː	NA	TRUE
qːʷ	qːʷ	qːʷ	NA	TRUE
qʰ	qʰ	qʰ	NA	TRUE
qʰʲ	qʰʲ	qʰʲ	new segment type added	FALSE
qʰʷ	qʰʷ	qʰʷ	conventionalized	TRUE
qʰʷʲ	qʰʲʷ	qʰʷʲ	new segment type added	FALSE
qʲ	qʲ	qʲ	new segment type added	FALSE
qʲʼ	qʲʼ	qʲʼ	conventionalized	FALSE
qʷ	qʷ	qʷ	NA	TRUE
qʷʰ	qʰʷ	qʷʰ	NA	TRUE
qʷʲ	qʲʷ	qʷʲ	new segment type added	FALSE
qʷʼ	qʷʼ	qʷʼ	NA	TRUE
qʼ	qʼ	qʼ	NA	TRUE
qʼː	qːʼ	qʼː	NA	TRUE
qʼːʷ	qːʷʼ	qʼːʷ	NA	FALSE
qʼʲ	qʲʼ	qʼʲ	new segment type added	FALSE
qʼʷ	qʷʼ	qʼʷ	NA	TRUE
qʼʷʲ	qʲʷʼ	qʼʷʲ	new segment type added	FALSE
qˤ	qˤ	qˤ	NA	FALSE
qˤʼ	qˤʼ	qˤʼ	NA	TRUE
qχ	qχ	qχ	NA	TRUE
qχːʰ	qχːʰ	qχːʰ	NA	FALSE
qχːʼ	qχːʼ	qχːʼ	NA	TRUE
qχʰ	qχʰ	qχʰ	NA	FALSE
qχʼ	qχʼ	qχʼ	NA	TRUE
r	r	r	NA	TRUE
r̝	r̝	r̝	NA	TRUE
r̪	r̪	r̪	NA	TRUE
r̩	r̩	r̩	NA	TRUE
r̺	r̺	r̺	NA	TRUE
r̺̥	r̺̥	r̺̥	NA	FALSE
r̥	r̥	r̥	NA	TRUE
rː	rː	rː	NA	TRUE
r̥ː	r̥ː	r̥ː	NA	FALSE
rʰ	rʰ	rʰ	NA	FALSE
rʱ	rʱ	rʱ	NA	TRUE
rʲ	rʲ	rʲ	NA	TRUE
r̺ʲ	r̺ʲ	r̺ʲ	new segment type added	FALSE
r̥ʲ	r̥ʲ	r̥ʲ	NA	FALSE
rʲː	rːʲ	rʲː	NA	FALSE
r̥ʲː	r̥ːʲ	r̥ʲː	NA	FALSE
rˤ	rˤ	rˤ	NA	TRUE
ʀ	ʀ	ʀ	NA	TRUE
ɹ	ɹ	ɹ	NA	TRUE
ɹ̺	ɹ̺	ɹ̺	NA	FALSE
ɹ̥	ɹ̥	ɹ̥	NA	FALSE
ɺ	ɺ	ɺ	NA	TRUE
ɻ	ɻ	ɻ	NA	TRUE
ɻ̊	ɻ̊	ɻ̊	NA	FALSE
ɽ	ɽ	ɽ	NA	TRUE
ɽ̊	ɽ̊	ɽ̊	NA	FALSE
ɽ̃	ɽ̃	ɽ̃	NA	TRUE
ɽʰ	ɽʰ	ɽʰ	NA	FALSE
ɽʱ	ɽʱ	ɽʱ	NA	TRUE
ɽ̤ʱ	ɽ̤ʱ	ɽ̤ʱ	NA	FALSE
ɾ	ɾ	ɾ	NA	TRUE
ɾ̺	ɾ̺	ɾ̺	NA	FALSE
ɾ̻	ɾ̻	ɾ̻	NA	FALSE
ɾ̞	ɾ̞	ɾ̞	NA	FALSE
ɾ̪	ɾ̪	ɾ̪	NA	TRUE
ɾ̠	ɾ̠	ɾ̠	NA	TRUE
ɾ̥	ɾ̥	ɾ̥	NA	TRUE
ɾˠ	ɾˠ	ɾˠ	NA	TRUE
ɾ̪ˠ	ɾ̪ˠ	ɾ̪ˠ	NA	TRUE
ɾʲ	ɾʲ	ɾʲ	NA	TRUE
ɾ̪ʲ	ɾ̪ʲ	ɾ̪ʲ	NA	TRUE
ɾ̥ʲ	ɾ̥ʲ	ɾ̥ʲ	NA	TRUE
ɿ	ɿ	ɿ	NA	FALSE
ɿ̰	ɿ̰	ɿ̰	NA	FALSE
ɿ̹	ɿ̹	ɿ̹	NA	FALSE
ɿˠ	ɿˠ	ɿˠ	NA	FALSE
ʁ	ʁ	ʁ	NA	TRUE
ʁ̞	ʁ̞	ʁ̞	NA	TRUE
ʁː	ʁː	ʁː	NA	TRUE
ʁʲ	ʁʲ	ʁʲ	new segment type added	FALSE
ʁʷ	ʁʷ	ʁʷ	NA	TRUE
ʁˤ	ʁˤ	ʁˤ	NA	TRUE
s	s	s	NA	TRUE
ŝ	ɕ	ŝ	Ladefoged & Maddieson 1996:138: laminal closed postalevolar sibilants	TRUE
s̺	s̺	s̺	NA	TRUE
s̩	s̩	s̩	NA	FALSE
s̻	s̻	s̻	NA	TRUE
s͇	s͇	s͇	NA	FALSE
s̪	s̪	s̪	NA	TRUE
s̠	s̠	s̠	NA	FALSE
s̪̻	s̪̻	s̪̻	NA	FALSE
s̠̻	s̻̠	s̠̻	NA	FALSE
s̺̠	s̺̠	s̺̠	NA	FALSE
sː	sː	sː	NA	TRUE
s̪ː	s̪ː	s̪ː	NA	TRUE
s̺ː	s̺ː	s̺ː	NA	FALSE
sːʼ	sːʼ	sːʼ	NA	TRUE
sˠ	sˠ	sˠ	NA	TRUE
sʰ	sʰ	sʰ	NA	TRUE
sʲ	sʲ	sʲ	NA	TRUE
s̪ʲ	s̪ʲ	s̪ʲ	NA	TRUE
sʲː	sːʲ	sʲː	NA	FALSE
sʲʰ	sʰʲ	sʲʰ	NA	FALSE
sʷ	sʷ	sʷ	NA	TRUE
ŝʷ	ɕʷ	ŝʷ	Ladefoged & Maddieson 1996:138: laminal closed postalevolar sibilants	FALSE
s̪ʷ	s̪ʷ	s̪ʷ	NA	TRUE
s̪ʷʲ	s̪ʲʷ	s̪ʷʲ	new segment type added	FALSE
sʼ	sʼ	sʼ	NA	TRUE
ŝʼ	ŝʼ	ŝʼ	NA	FALSE
ŝʼʷ	ŝʷʼ	ŝʼʷ	NA	FALSE
sˤ	sˤ	sˤ	NA	TRUE
s̪ˤ	s̪ˤ	s̪ˤ	NA	TRUE
ʂ	ʂ	ʂ	NA	TRUE
ʂ̻	ʂ̻	ʂ̻	NA	FALSE
ʂː	ʂː	ʂː	NA	FALSE
ʂʰ	ʂʰ	ʂʰ	NA	FALSE
ʃ	ʃ	ʃ	NA	TRUE
ʃ̞	ʃ̞	ʃ̞	NA	FALSE
ʃ̺	ʃ̺	ʃ̺	NA	TRUE
ʃː	ʃː	ʃː	NA	TRUE
ʃːʲ	ʃːʲ	ʃːʲ	NA	FALSE
ʃːʷ	ʃːʷ	ʃːʷ	NA	TRUE
ʃːʼ	ʃːʼ	ʃːʼ	NA	FALSE
ʃʰ	ʃʰ	ʃʰ	NA	TRUE
ʃʲ	ʃʲ	ʃʲ	NA	TRUE
ʃʷ	ʃʷ	ʃʷ	NA	TRUE
ʃʼ	ʃʼ	ʃʼ	NA	TRUE
ʃ̞ʼ	ʃ̞ʼ	ʃ̞ʼ	NA	FALSE
ʅ	ʅ	ʅ	NA	FALSE
ʅ̹	ʅ̹	ʅ̹	NA	FALSE
t	t	t	NA	TRUE
t̻	t̻	t̻	NA	TRUE
t̺	t̺	t̺	NA	TRUE
t̪	t̪	t̪	NA	TRUE
t̺̪	t̪̺	t̺̪	NA	FALSE
t̪̻	t̪̻	t̪̻	NA	FALSE
t̪̺	t̪̺	t̪̺	NA	FALSE
tː	tː	tː	NA	TRUE
t̪ː	t̪ː	t̪ː	NA	TRUE
tɕ	tɕ	tɕ	NA	TRUE
t̺ɕ̺	t̺ɕ̺	t̺ɕ̺	NA	FALSE
t̻ɕ̻	t̻ɕ̻	t̻ɕ̻	NA	FALSE
tɕː	tɕː	tɕː	NA	FALSE
tɕʰ	tɕʰ	tɕʰ	NA	TRUE
t̻ɕ̻ʰ	t̻ɕ̻ʰ	t̻ɕ̻ʰ	NA	FALSE
tɕʼ	tɕʼ	tɕʼ	NA	FALSE
t̺ɕ̺ʼ	t̺ɕ̺ʼ	t̺ɕ̺ʼ	NA	FALSE
t̪ˠ	t̪ˠ	t̪ˠ	NA	FALSE
t̪ˠʰ	t̪ʰˠ	t̪ˠʰ	NA	TRUE
tʰ	tʰ	tʰ	NA	TRUE
t̺ʰ	t̺ʰ	t̺ʰ	new segment type added	FALSE
t̪ʰ	t̪ʰ	t̪ʰ	NA	TRUE
t̻ʰ	t̻ʰ	t̻ʰ	NA	TRUE
tʰʲ	tʰʲ	tʰʲ	NA	TRUE
t̪ʰʲ	t̪ʰʲ	t̪ʰʲ	conventionalized	TRUE
tʰʷ	tʰʷ	tʰʷ	NA	TRUE
t̪ʰʷ	t̪ʰʷ	t̪ʰʷ	conventionalized	TRUE
t̪ʰʷʲ	t̪ʰʲʷ	t̪ʰʷʲ	new segment type added	FALSE
t̪ʰˤ	t̪ʰˤ	t̪ʰˤ	NA	FALSE
tʲ	tʲ	tʲ	NA	TRUE
t̪ʲ	t̪ʲ	t̪ʲ	NA	TRUE
t̠ʲ	t̠ʲ	t̠ʲ	NA	FALSE
tʲʰ	tʰʲ	tʲʰ	NA	TRUE
t̪ɬ	t̪ɬ	t̪ɬ	NA	FALSE
tɬː	tɬː	tɬː	NA	FALSE
tɬːʰ	tɬːʰ	tɬːʰ	NA	FALSE
tɬːʼ	tɬːʼ	tɬːʼ	NA	FALSE
tɬʰ	tɬʰ	tɬʰ	NA	TRUE
tɬʰʷ	tɬʰʷ	tɬʰʷ	NA	FALSE
tɬʼ	tɬʼ	tɬʼ	NA	TRUE
t̪ɬʼ	t̪ɬʼ	t̪ɬʼ	NA	FALSE
tɬʼː	tɬːʼ	tɬʼː	NA	FALSE
tɬʼʷ	tɬʷʼ	tɬʼʷ	NA	FALSE
ts	ts	ts	NA	TRUE
tˢ	tsʰ	tˢ	aspirated and strongly affricated	TRUE
ts̻	ts̻	ts̻	NA	FALSE
ts̪	ts̪	ts̪	NA	TRUE
ts̺	ts̺	ts̺	NA	FALSE
t̪s	t̪s	t̪s	NA	TRUE
t̪s̪	t̪s̪	t̪s̪	NA	TRUE
t̻s̻	t̻s̻	t̻s̻	NA	TRUE
t̺s̺	t̺s̺	t̺s̺	NA	TRUE
t͇s͇	t͇s͇	t͇s͇	NA	FALSE
t̻s̻̪	t̻s̪̻	t̻s̻̪	NA	FALSE
t̪̻s̪̻	t̪̻s̪̻	t̪̻s̪̻	NA	FALSE
tsː	tsː	tsː	NA	TRUE
t̺s̺ː	t̺s̺ː	t̺s̺ː	NA	FALSE
t̪s̪ː	t̪s̪ː	t̪s̪ː	NA	TRUE
tsːʰ	tsːʰ	tsːʰ	NA	TRUE
tsːʼ	tsːʼ	tsːʼ	NA	TRUE
tsʰ	tsʰ	tsʰ	NA	TRUE
tŝʰ	tɕʰ	tŝʰ	Ladefoged & Maddieson 1996:138: laminal closed postalevolar sibilants	TRUE
t͇s͇ʰ	t͇s͇ʰ	t͇s͇ʰ	NA	FALSE
t̺s̺ʰ	t̺s̺ʰ	t̺s̺ʰ	NA	FALSE
t̪s̪ʰ	t̪s̪ʰ	t̪s̪ʰ	NA	TRUE
t̪s̪ʰʲ	t̪s̪ʰʲ	t̪s̪ʰʲ	new segment type added	FALSE
tsʰʷ	tsʰʷ	tsʰʷ	NA	TRUE
t̪s̪ʰʷ	t̪s̪ʰʷ	t̪s̪ʰʷ	conventionalized	TRUE
t̪s̪ʰʷʲ	t̪s̪ʰʲʷ	t̪s̪ʰʷʲ	new segment type added	FALSE
tsʰˤ	tsʰˤ	tsʰˤ	NA	FALSE
tsʲ	tsʲ	tsʲ	NA	TRUE
t̪ˢʲ	t̪ʲ	t̪ˢʲ	probably marks frication	TRUE
t̪s̪ʲ	t̪s̪ʲ	t̪s̪ʲ	NA	TRUE
tsʲː	tsːʲ	tsʲː	NA	FALSE
tŝʷ	tŝʷ	tŝʷ	NA	FALSE
t̪s̪ʷ	t̪s̪ʷ	t̪s̪ʷ	conventionalized	FALSE
tŝʷʰ	tɕʰʷ	tŝʷʰ	Ladefoged & Maddieson 1996:138: laminal closed postalevolar sibilants	FALSE
t̪s̪ʷʲ	t̪s̪ʲʷ	t̪s̪ʷʲ	new segment type added	FALSE
tŝʷʼ	tɕʷʼ	tŝʷʼ	Ladefoged & Maddieson 1996:138: laminal closed postalevolar sibilants	FALSE
tsʼ	tsʼ	tsʼ	NA	TRUE
tŝʼ	tɕ	tŝʼ	Ladefoged & Maddieson 1996:138: laminal closed postalevolar sibilants	TRUE
t̺s̺ʼ	t̺s̺ʼ	t̺s̺ʼ	NA	FALSE
t̪s̪ʼ	t̪s̪ʼ	t̪s̪ʼ	NA	TRUE
tsʼː	tsːʼ	tsʼː	NA	TRUE
t̪s̪ʼʲ	t̪s̪ʲʼ	t̪s̪ʼʲ	new segment type added	FALSE
tsʼʷ	tsʷʼ	tsʼʷ	NA	TRUE
t̪s̪ʼʷ	t̪s̪ʷʼ	t̪s̪ʼʷ	conventionalized	TRUE
t̪s̪ʼʷʲ	t̪s̪ʲʷʼ	t̪s̪ʼʷʲ	new segment type added	FALSE
tʂ	ʈʂ	tʂ	conventionalized	TRUE
tʂʰ	ʈʂʰ	tʂʰ	conventionalized	TRUE
tʃ	tʃ	tʃ	NA	TRUE
tʃ̺	tʃ̺	tʃ̺	NA	FALSE
t̻ʃ̻	t̻ʃ̻	t̻ʃ̻	NA	FALSE
t̺ʃ̺	t̺ʃ̺	t̺ʃ̺	NA	FALSE
tʃː	tʃː	tʃː	NA	FALSE
tʃːʰ	tʃːʰ	tʃːʰ	NA	FALSE
tʃːʲ	tʃːʲ	tʃːʲ	NA	FALSE
tʃːʷ	tʃːʷ	tʃːʷ	NA	FALSE
tʃːʼ	tʃːʼ	tʃːʼ	NA	FALSE
tʃʰ	tʃʰ	tʃʰ	NA	TRUE
tʃ̺ʰ	tʃ̺ʰ	tʃ̺ʰ	NA	FALSE
tʃʰʷ	tʃʰʷ	tʃʰʷ	NA	FALSE
tʃʰˤ	tʃʰˤ	tʃʰˤ	NA	FALSE
tʃʲ	tʃʲ	tʃʲ	NA	FALSE
tʃʷ	tʃʷ	tʃʷ	NA	FALSE
t̺ʃ̺ʷ	t̺ʃ̺ʷ	t̺ʃ̺ʷ	NA	FALSE
tʃʷʰ	tʃʰʷ	tʃʷʰ	NA	FALSE
tʃʼ	tʃʼ	tʃʼ	NA	TRUE
tʃʼː	tʃːʼ	tʃʼː	NA	FALSE
tʃʼʷ	tʃʷʼ	tʃʼʷ	NA	FALSE
tʃʼˤ	tʃˤʼ	tʃʼˤ	NA	FALSE
tʃˤ	tʃˤ	tʃˤ	NA	FALSE
tʷ	tʷ	tʷ	NA	TRUE
t̪ʷ	t̪ʷ	t̪ʷ	NA	TRUE
tʷʰ	tʰʷ	tʷʰ	NA	TRUE
t̪ʷʲ	t̪ʲʷ	t̪ʷʲ	new segment type added	FALSE
tʷʼ	tʷʼ	tʷʼ	conventionalized	FALSE
tʼ	tʼ	tʼ	NA	TRUE
t̺ʼ	t̺ʼ	t̺ʼ	NA	FALSE
t̪ʼ	t̪ʼ	t̪ʼ	NA	TRUE
t̪ʼʲ	t̪ʲʼ	t̪ʼʲ	conventionalized	FALSE
tʼʷ	tʷʼ	tʼʷ	NA	FALSE
t̪ʼʷ	t̪ʷʼ	t̪ʼʷ	conventionalized	FALSE
t̪ʼʷʲ	t̪ʲʷʼ	t̪ʼʷʲ	new segment type added	FALSE
t̪ʼˤ	t̪ˤʼ	t̪ʼˤ	NA	FALSE
tˤ	tˤ	tˤ	NA	TRUE
t̪ˤ	t̪ˤ	t̪ˤ	NA	TRUE
ʈ	ʈ	ʈ	NA	TRUE
ʈʰ	ʈʰ	ʈʰ	NA	TRUE
ʈɽ	ʈɽ	ʈɽ	NA	TRUE
ʈɽʰ	ʈɽʰ	ʈɽʰ	NA	FALSE
ʈʂ	ʈʂ	ʈʂ	NA	TRUE
ʈ̻ʂ̻	ʈ̻ʂ̻	ʈ̻ʂ̻	NA	FALSE
ʈʂʰ	ʈʂʰ	ʈʂʰ	NA	TRUE
ʈʂʼ	ʈʂʼ	ʈʂʼ	NA	TRUE
u	u	u	NA	TRUE
ŭ	ŭ	ŭ	NA	TRUE
ũ	ũ	ũ	NA	TRUE
u̙	u̙	u̙	NA	TRUE
u̜	u̜	u̜	NA	TRUE
u̞	u̞	u̞	NA	TRUE
u̯	u̯	u̯	NA	FALSE
u̟	u̟	u̟	NA	FALSE
ũ̯	ũ̯	ũ̯	NA	FALSE
ṳ	ṳ	ṳ	NA	TRUE
ṵ	ṵ	ṵ	NA	TRUE
u˞	u˞	u˞	NA	TRUE
u˞ˤ	u˞ˤ	u˞ˤ	new segment type added	FALSE
u˞ˤː	u˞ːˤ	u˞ˤː	new segment type added	FALSE
uː	uː	uː	NA	TRUE
uː̃	ũː	uː̃	NA	TRUE
ũː	ũː	ũː	NA	TRUE
ṳ̃ː	ṳ̃ː	ṳ̃ː	NA	FALSE
u̞ː	u̞ː	u̞ː	NA	TRUE
ṵː	ṵː	ṵː	NA	FALSE
uːe	uːe	uːe	NA	FALSE
uːə	uːə	uːə	NA	FALSE
uːʌ	uːʌ	uːʌ	NA	TRUE
u̞ˑ	u̞ˑ	u̞ˑ	NA	FALSE
ua	ua	ua	NA	TRUE
uä	uä	uä	NA	FALSE
uã	uã	uã	NA	TRUE
ua̟	ua̟	ua̟	NA	FALSE
ũã	ũã	ũã	NA	FALSE
u̯a	u̯a	u̯a	NA	FALSE
uæ	uæ	uæ	NA	FALSE
uai	uai	uai	NA	TRUE
uɐ	uɐ	uɐ	NA	FALSE
uɑ	uɑ	uɑ	guess	FALSE
uɑ̃	uɑ̃	uɑ̃	NA	FALSE
u̯ɑ	u̯ɑ	u̯ɑ	NA	FALSE
uɑ˞	uɑ˞	uɑ˞	NA	FALSE
uɑi	uɑi	uɑi	NA	FALSE
ue	ue	ue	NA	TRUE
uẽ	uẽ	uẽ	NA	TRUE
ue̞	ue̞	ue̞	NA	FALSE
uei	uei	uei	NA	TRUE
uə	uə	uə	NA	TRUE
uə̯	uə̯	uə̯	NA	FALSE
uəi	uəi	uəi	new segment type added	FALSE
uɛ	uɛ	uɛ	NA	TRUE
uɛ̃	uɛ̃	uɛ̃	NA	FALSE
uɜ	uɜ	uɜ	NA	FALSE
ui	ui	ui	NA	TRUE
ui̯	ui̯	ui̯	NA	TRUE
ũĩ	ũĩ	ũĩ	NA	TRUE
uj	uj	uj	NA	TRUE
uo	uo	uo	NA	TRUE
uo̞	uo̞	uo̞	NA	FALSE
ũo	ũo	ũo	NA	FALSE
u̯o	u̯o	u̯o	NA	FALSE
u̯õ	u̯õ	u̯õ	NA	FALSE
uoː	uoː	uoː	NA	FALSE
ũoː	ũoː	ũoː	NA	FALSE
uœ	uœ	uœ	NA	FALSE
uɔ	uɔ	uɔ	NA	TRUE
u̯ɔ	u̯ɔ	u̯ɔ	NA	FALSE
uɔː	uɔː	uɔː	NA	FALSE
ũɔ̃ː	ũɔ̃ː	ũɔ̃ː	NA	FALSE
uu̯	uu̯	uu̯	NA	FALSE
u̠u	u̠u	u̠u	NA	FALSE
uʌ	uʌ	uʌ	NA	TRUE
uˤ	uˤ	uˤ	NA	TRUE
uˤː	uːˤ	uˤː	NA	TRUE
ʉ	ʉ	ʉ	NA	TRUE
ʉ̃	ʉ̃	ʉ̃	NA	TRUE
ʉ̞	ʉ̞	ʉ̞	NA	TRUE
ʉ̟	ʉ̟	ʉ̟	NA	TRUE
ʉ̰	ʉ̰	ʉ̰	NA	FALSE
ʉː	ʉː	ʉː	NA	TRUE
ʉ̃ː	ʉ̃ː	ʉ̃ː	NA	FALSE
ʉ̟ː	ʉ̟ː	ʉ̟ː	NA	FALSE
ʉɞ̠	ʉɞ̠	ʉɞ̠	NA	FALSE
ʉi̯	ʉi̯	ʉi̯	NA	FALSE
ʉœ̠	ʉœ̠	ʉœ̠	NA	FALSE
ʉu	ʉu	ʉu	NA	FALSE
ɥ	ɥ	ɥ	NA	TRUE
ɥ̊	ɥ̊	ɥ̊	NA	FALSE
ɥˤ	ɥˤ	ɥˤ	new segment type added	FALSE
ɯ	ɯ	ɯ	NA	TRUE
ɯ̃	ɯ̃	ɯ̃	NA	TRUE
ɯ̽	ɯ̽	ɯ̽	NA	FALSE
ɯ̝	ɯ̝	ɯ̝	NA	FALSE
ɯ̙	ɯ̙	ɯ̙	NA	FALSE
ɯ̟	ɯ̟	ɯ̟	NA	FALSE
ɯ̞	ɯ̞	ɯ̞	NA	TRUE
ɯ̤	ɯ̤	ɯ̤	NA	TRUE
ɯ̰	ɯ̰	ɯ̰	NA	TRUE
ɯː	ɯː	ɯː	NA	TRUE
ɯ̃ː	ɯ̃ː	ɯ̃ː	NA	TRUE
ɯ̽ː	ɯ̽ː	ɯ̽ː	NA	FALSE
ɯ̰̽ː	ɯ̰̽ː	ɯ̰̽ː	NA	FALSE
ɯˑ	ɯˑ	ɯˑ	NA	FALSE
ɯa	ɯa	ɯa	NA	TRUE
ɯɑ	ɯɑ	ɯɑ	NA	FALSE
ɯə	ɯə	ɯə	NA	TRUE
ɯ̙i̯	ɯ̙i̯	ɯ̙i̯	NA	FALSE
ɯɪ̯	ɯɪ̯	ɯɪ̯	NA	FALSE
ɯo	ɯo	ɯo	NA	FALSE
ɰ	ɰ	ɰ	NA	TRUE
ʊ	ʊ	ʊ	NA	TRUE
ʊ̆	ʊ̆	ʊ̆	NA	TRUE
ʊ̈	ʊ̈	ʊ̈	NA	TRUE
ʊ̜̈	ʊ̜̈	ʊ̜̈	NA	FALSE
ʊ̞̈	ʊ̞̈	ʊ̞̈	NA	FALSE
ʊ̃	ʊ̃	ʊ̃	NA	TRUE
ʊ̯	ʊ̯	ʊ̯	NA	TRUE
ʊ̜	ʊ̜	ʊ̜	NA	FALSE
ʊ̞	ʊ̞	ʊ̞	NA	FALSE
ʊ̰	ʊ̰	ʊ̰	NA	FALSE
ʊː	ʊː	ʊː	NA	TRUE
ʊ̃ː	ʊ̃ː	ʊ̃ː	NA	TRUE
ʊa	ʊa	ʊa	NA	TRUE
ʊə	ʊə	ʊə	NA	FALSE
ʊi	ʊi	ʊi	NA	TRUE
ʊ̈i	ʊ̈i	ʊ̈i	NA	FALSE
ʊɪ	ʊɪ	ʊɪ	NA	TRUE
ʊ̯ɔ	ʊ̯ɔ	ʊ̯ɔ	NA	FALSE
ʊˤː	ʊːˤ	ʊˤː	NA	FALSE
v	v	v	NA	TRUE
v̩	v̩	v̩	NA	TRUE
v̥	v̥	v̥	NA	FALSE
vː	vː	vː	NA	TRUE
vˠ	vˠ	vˠ	NA	FALSE
vʲ	vʲ	vʲ	NA	TRUE
vˤ	vˤ	vˤ	NA	FALSE
ʋ	ʋ	ʋ	NA	TRUE
ʋ̩	ʋ̩	ʋ̩	NA	FALSE
ʋʲ	ʋʲ	ʋʲ	NA	FALSE
ʌ	ʌ	ʌ	NA	TRUE
ʌ̃	ʌ̃	ʌ̃	NA	TRUE
ʌ̤	ʌ̤	ʌ̤	NA	TRUE
ʌː	ʌː	ʌː	NA	TRUE
ʌ̤ː	ʌ̤ː	ʌ̤ː	NA	TRUE
ʌj	ʌy	ʌj	guess	FALSE
ʌu	ʌu	ʌu	NA	FALSE
ʌw	ʌɯ	ʌw	guess	FALSE
ʌˤː	ʌːˤ	ʌˤː	NA	FALSE
w	w	w	NA	TRUE
w̜	w̜	w̜	NA	FALSE
w̥	w̥	w̥	NA	TRUE
wa	wa	wa	NA	TRUE
wã	wã	wã	NA	FALSE
waː	waː	waː	NA	FALSE
wæi	wæi	wæi	NA	FALSE
wai	wai	wai	NA	FALSE
ʷd	ʷd	ʷd	NA	FALSE
we	we	we	NA	TRUE
wei̯	wei̯	wei̯	NA	TRUE
weu̯	weu̯	weu̯	NA	FALSE
wə	wə	wə	NA	TRUE
wə̃	wə̃	wə̃	NA	FALSE
wɛ	wɛ	wɛ	NA	FALSE
wɛ̃	wɛ̃	wɛ̃	NA	FALSE
wɛi	wɛi	wɛi	NA	FALSE
wɛi̯	wɛi̯	wɛi̯	NA	FALSE
wʰ	wʰ	wʰ	NA	FALSE
wi	wi	wi	NA	TRUE
wʲ	wʲ	wʲ	NA	TRUE
w̜ʲ	w̜ʲ	w̜ʲ	NA	FALSE
ʷɟ	ʷɟ	ʷɟ	NA	FALSE
ʷl	ʷl	ʷl	NA	FALSE
ʷm	ʷm	ʷm	NA	FALSE
wo	wo	wo	NA	TRUE
wõ	wõ	wõ	NA	FALSE
woː	woː	woː	NA	FALSE
wõː	wõː	wõː	NA	FALSE
wɔ	wɔ	wɔ	NA	FALSE
wɔ̃	wɔ̃	wɔ̃	NA	FALSE
wɔː	wɔː	wɔː	NA	FALSE
ʷr	ʷr	ʷr	NA	FALSE
ʷz	ʷz	ʷz	NA	FALSE
ʷʐ	ʷʐ	ʷʐ	NA	FALSE
ʷʑ	ʷʑ	ʷʑ	NA	FALSE
ʍ	ʍ	ʍ	NA	TRUE
x	x	x	NA	TRUE
x̠	x̠	x̠	NA	FALSE
xː	xː	xː	NA	TRUE
xːʷ	xːʷ	xːʷ	NA	TRUE
xʰ	xʰ	xʰ	NA	FALSE
xʲ	xʲ	xʲ	NA	TRUE
xʲː	xːʲ	xʲː	NA	FALSE
xk	xk	xk	NA	FALSE
xʷ	xʷ	xʷ	NA	TRUE
y	y	y	NA	TRUE
ỹ	ỹ	ỹ	NA	TRUE
y̠	y̠	y̠	NA	FALSE
y̞	y̞	y̞	NA	FALSE
y̤	y̤	y̤	NA	TRUE
y̰	y̰	y̰	NA	FALSE
yː	yː	yː	NA	TRUE
ỹː	ỹː	ỹː	NA	FALSE
y̰ː	y̰ː	y̰ː	NA	FALSE
yˑ	yˑ	yˑ	NA	FALSE
ya	ya	ya	NA	FALSE
yæ	yæ	yæ	NA	FALSE
ye	ye	ye	NA	TRUE
yə	yə	yə	NA	TRUE
yə̯	yə̯	yə̯	NA	FALSE
yɛ	yɛ	yɛ	NA	FALSE
yɜ	yɜ	yɜ	NA	FALSE
yi	yi	yi	NA	FALSE
yĩ	yĩ	yĩ	NA	FALSE
yi̯	yi̯	yi̯	NA	FALSE
yo	yo	yo	NA	FALSE
yø	yø	yø	NA	FALSE
yø̞	yø̞	yø̞	NA	TRUE
y̯ø	y̯ø	y̯ø	NA	FALSE
yœ	yœ	yœ	NA	FALSE
ỹœ	ỹœ	ỹœ	NA	FALSE
yœː	yœː	yœː	NA	FALSE
ỹœː	ỹœː	ỹœː	NA	FALSE
yu	yu	yu	NA	FALSE
yu̯	yu̯	yu̯	NA	FALSE
ʏ	ʏ	ʏ	NA	TRUE
ʏ̃	ʏ̃	ʏ̃	NA	FALSE
ʏː	ʏː	ʏː	NA	FALSE
ʏ̃ː	ʏ̃ː	ʏ̃ː	NA	FALSE
ʏi̯	ʏi̯	ʏi̯	NA	FALSE
z	z	z	NA	TRUE
ẑ	ʑ	ẑ	Ladefoged & Maddieson 1996:138: laminal closed postalevolar sibilants	TRUE
z̠	z̠	z̠	NA	FALSE
z͇	z͇	z͇	NA	TRUE
z̩	z̩	z̩	NA	TRUE
z̻	z̻	z̻	NA	TRUE
z̺	z̺	z̺	NA	TRUE
z̪	z̪	z̪	NA	TRUE
z̪̻	z̪̻	z̪̻	NA	FALSE
z̥	z̥	z̥	NA	TRUE
zː	zː	zː	NA	TRUE
zʲ	zʲ	zʲ	NA	TRUE
z̪ʲ	z̪ʲ	z̪ʲ	NA	TRUE
zʲː	zːʲ	zʲː	NA	FALSE
zʷ	zʷ	zʷ	NA	TRUE
ẑʷ	ʑʷ	ẑʷ	Ladefoged & Maddieson 1996:138: laminal closed postalevolar sibilants	FALSE
z̪ʷ	z̪ʷ	z̪ʷ	NA	TRUE
zˤ	zˤ	zˤ	NA	TRUE
z̪ˤ	z̪ˤ	z̪ˤ	NA	TRUE
ʐ	ʐ	ʐ	NA	TRUE
ʐ̻	ʐ̻	ʐ̻	NA	FALSE
ʐʲ	ʐʲ	ʐʲ	NA	FALSE
ʑ	ʑ	ʑ	NA	TRUE
ʒ	ʒ	ʒ	NA	TRUE
ʒ̊	ʒ̊	ʒ̊	NA	FALSE
ʒ̩	ʒ̩	ʒ̩	NA	FALSE
ʒ̺	ʒ̺	ʒ̺	NA	TRUE
ʒːʲ	ʒːʲ	ʒːʲ	NA	FALSE
ʒʲ	ʒʲ	ʒʲ	NA	TRUE
ʒʷ	ʒʷ	ʒʷ	NA	TRUE
ʒˤ	ʒˤ	ʒˤ	NA	FALSE
ʔ	ʔ	ʔ	NA	TRUE
ʔ̃	ʔ̃	ʔ̃	NA	FALSE
ʔː	ʔː	ʔː	NA	TRUE
ʔʷ	ʔʷ	ʔʷ	NA	TRUE
ʔʼ	ʔʼ	ʔʼ	NA	FALSE
ʔʼʷ	ʔʷʼ	ʔʼʷ	NA	FALSE
ʔˤ	ʔˤ	ʔˤ	NA	TRUE
ʼb	ʼb	ʼb	NA	FALSE
ʼd	ʼd	ʼd	NA	FALSE
ʼɡ	ʼɡ	ʼɡ	NA	FALSE
ʼɣ	ʼɣ	ʼɣ	NA	FALSE
ʼj	ʼj	ʼj	NA	FALSE
ʼl	ʼl	ʼl	NA	FALSE
ʼm	ʼm	ʼm	NA	TRUE
ʼn	ʼn	ʼn	NA	TRUE
ʼɲ	ʼɲ	ʼɲ	NA	FALSE
ʼŋ	ʼŋ	ʼŋ	NA	FALSE
ʼs	ʼs	ʼs	NA	FALSE
ʼʃ	ʼʃ	ʼʃ	NA	FALSE
ʼw	ʼw	ʼw	NA	FALSE
ʕ	ʕ	ʕ	NA	TRUE
ʡ	ʡ	ʡ	NA	TRUE
ʡˤ	ʡˤ	ʡˤ	NA	FALSE
ʢ	ʢ	ʢ	NA	FALSE
ʢʷ	ʢʷ	ʢʷ	NA	FALSE
β	β	β	NA	TRUE
β̞	β̞	β̞	NA	TRUE
βː	βː	βː	NA	FALSE
βʲ	βʲ	βʲ	NA	TRUE
βʲː	βːʲ	βʲː	NA	FALSE
θ	θ	θ	NA	TRUE
θ̻	θ̻	θ̻	NA	FALSE
θ̪	θ̪	θ̪	NA	FALSE
θʼ	θʼ	θʼ	NA	FALSE
χ	χ	χ	NA	TRUE
χː	χː	χː	NA	TRUE
χːʷ	χːʷ	χːʷ	NA	TRUE
χːʼ	χːʼ	χːʼ	NA	FALSE
χʲ	χʲ	χʲ	new segment type added	FALSE
χʷ	χʷ	χʷ	NA	TRUE
χʷʲ	χʲʷ	χʷʲ	new segment type added	FALSE
χˤ	χˤ	χˤ	NA	TRUE
χˤʷ	χˤʷ	χˤʷ	new segment type added	TRUE
